"比賽代號","20260710-OAVG"
"開始時間","07/10 下午07:44"
"匯出時間","07/11 上午12:33"

"─── 積分排行榜 ───"
"名次","選手","勝","敗","場數","勝率","積分"
"1","Lily","3","1","5","60%","23"
"2","Tim","3","1","5","60%","23"
"3","羊","3","1","5","60%","23"
"4","Andrew","2","2","4","50%","15"
"5","Yang","1","3","4","25%","5"
"6","超","0","4","5","0%","0"

"─── 比賽歷史記錄 ───"
"場次","場地","隊A選手1","隊A選手2","隊B選手1","隊B選手2","勝隊","開始時間","結束時間"
"1","1","羊","超","Lily","Tim","Lily+Tim","07/10 下午07:45","07/10 下午07:49"
"2","1","Andrew","Yang","Tim","羊","Tim+羊","07/10 下午07:49","07/10 下午07:52"
"3","1","Andrew","Lily","超","Yang","Andrew+Lily","07/10 下午07:53","07/10 下午07:57"
"4","1","Lily","羊","Tim","超","Lily+羊","07/10 下午07:57","07/10 下午08:01"
"5","1","Andrew","羊","Lily","Yang","Andrew+羊","07/10 下午08:01","07/10 下午08:04"
"6","1","Tim","Yang","Andrew","超","Tim+Yang","07/10 下午08:04","07/10 下午08:08"
"7","1","超","Lily","羊","Tim","—","07/10 下午08:08","07/11 上午12:31"